step,kinetic,potential,total
0,12.4372,-4.43003,8.00721
20,12.5911,-4.58387,8.00722
40,13.0788,-5.10415,7.97467
60,14.0727,-6.19581,7.87691
80,15.9599,-8.04989,7.91
100,19.3257,-11.4161,7.90963
120,21.8021,-13.8102,7.99188
140,23.6759,-15.644,8.03186
160,26.798,-18.7651,8.03297
180,22.3087,-14.2233,8.08539
200,26.2235,-18.1509,8.0726
220,25.1049,-17.0186,8.08634
240,26.9874,-18.9854,8.00207
260,25.4232,-17.4007,8.02256
280,29.4066,-21.4002,8.00638
300,25.6796,-17.6716,8.00801
320,29.1518,-21.0965,8.05525
340,27.6381,-19.6943,7.9438
360,28.4536,-20.4951,7.95855
380,28.9576,-21.063,7.89456
400,31.5425,-23.7317,7.81074
420,29.6806,-21.9408,7.73981
440,29.6052,-21.8463,7.75888
460,28.9568,-21.1746,7.78225
480,35.6899,-27.915,7.77497
500,32.3075,-24.4606,7.84693
520,32.5824,-24.6882,7.8942
540,27.6879,-19.7892,7.89869
560,31.1703,-23.214,7.95624
580,28.0317,-20.1346,7.89709
600,31.8346,-23.9421,7.89254
620,27.8779,-19.9971,7.88076
640,28.9568,-21.0303,7.92652
660,31.8731,-23.9474,7.92566
680,32.8618,-25.0322,7.82962
700,29.1937,-21.3417,7.85202
720,31.4973,-23.5902,7.9071
740,31.5027,-23.6917,7.81101
760,32.911,-25.1597,7.75128
780,33.782,-26.1127,7.66935
800,34.0827,-26.3738,7.70893
820,34.9776,-27.2698,7.7078
840,32.4011,-24.701,7.70016
860,33.5416,-25.7833,7.7583
880,33.0173,-25.2065,7.81074
900,32.3195,-24.4583,7.86128
920,33.6031,-25.8178,7.78539
940,33.4543,-25.6286,7.82566
960,33.3291,-25.5021,7.82697
980,31.7874,-23.9562,7.83113
1000,33.6114,-25.8031,7.80827
1020,34.4871,-26.6115,7.87556
1040,27.2806,-19.4083,7.87233
1060,31.5961,-23.649,7.94711
1080,32.7442,-24.871,7.87318
1100,31.8362,-23.9608,7.87538
1120,31.8175,-24.0097,7.80775
1140,30.8774,-22.9718,7.90564
1160,30.8192,-22.9792,7.83999
1180,31.8274,-23.954,7.87347
1200,32.858,-24.9959,7.86211
1220,33.0671,-25.2771,7.78993
1240,32.4855,-24.6464,7.83913
1260,34.0241,-26.2295,7.79464
1280,32.7854,-24.9564,7.82902
1300,31.043,-23.2059,7.8371
1320,34.206,-26.3655,7.84052
1340,33.9166,-26.0715,7.8452
1360,33.4621,-25.7029,7.75926
1380,32.3692,-24.5652,7.80396
1400,33.783,-25.972,7.811
1420,31.1172,-23.27,7.84724
1440,30.1184,-22.2329,7.8855
1460,31.1548,-23.3705,7.78432
1480,35.6427,-27.8804,7.76232
1500,33.8417,-26.0403,7.80137
1520,31.6784,-23.8802,7.79818
1540,36.4992,-28.7097,7.78952
1560,36.6893,-28.914,7.77536
1580,33.3389,-25.4577,7.88121
1600,36.1904,-28.3771,7.81333
1620,35.3507,-27.5897,7.76106
1640,33.1856,-25.439,7.74657
1660,33.7918,-26.0124,7.77938
1680,35.6473,-27.9103,7.73697
1700,34.4925,-26.8016,7.69093
1720,34.4067,-26.7111,7.69564
1740,30.3782,-22.6201,7.75808
1760,33.1949,-25.4374,7.75749
1780,30.6417,-22.8982,7.74349
1800,31.1872,-23.345,7.84221
1820,28.4442,-20.6139,7.83033
1840,29.5155,-21.8189,7.69665
1860,30.7748,-23.0606,7.71422
1880,30.6369,-22.925,7.71187
1900,32.061,-24.3225,7.73849
1920,32.8502,-25.115,7.73526
1940,30.2248,-22.4614,7.76338
1960,32.0906,-24.2823,7.80837
1980,33.7742,-25.9497,7.82452
2000,29.9137,-22.0834,7.83022
2020,33.6902,-25.831,7.85919
2040,32.7271,-24.8819,7.84521
2060,33.9227,-26.0307,7.89205
2080,28.8558,-20.9597,7.89608
2100,30.607,-22.7317,7.87532
2120,29.1158,-21.3301,7.78577
2140,30.2612,-22.4696,7.79158
2160,31.2665,-23.4398,7.82676
2180,31.0177,-23.1752,7.84249
2200,27.9116,-20.0193,7.89229
2220,31.6938,-23.8562,7.8376
2240,27.5414,-19.6311,7.91025
2260,30.8029,-22.946,7.85683
2280,28.6186,-20.7096,7.90905
2300,30.7581,-22.7211,8.03703
2320,30.04,-21.9572,8.08278
2340,30.1258,-22.0758,8.05
2360,34.4746,-26.4527,8.02184
2380,34.8569,-26.9089,7.94801
2400,32.4391,-24.4682,7.97088
2420,30.798,-22.8053,7.99266
2440,30.5447,-22.5557,7.98901
2460,29.7078,-21.7698,7.93798
2480,27.252,-19.2961,7.95586
2500,28.0707,-20.1468,7.92394
2520,28.9829,-21.0257,7.95718
2540,27.8683,-19.9284,7.93989
2560,27.0549,-19.0636,7.9913
2580,29.6588,-21.7046,7.95416
2600,29.572,-21.6026,7.96942
2620,29.7703,-21.8322,7.93812
2640,27.5766,-19.7009,7.87569
2660,29.7319,-21.8396,7.89231
2680,30.2046,-22.2005,8.00408
2700,29.365,-21.4287,7.93632
2720,29.0423,-21.1287,7.91358
2740,30.8214,-22.8652,7.95613
2760,31.7573,-23.798,7.95934
2780,29.5125,-21.5503,7.96222
2800,30.8088,-22.859,7.94979
2820,28.1463,-20.2865,7.85973
2840,29.0996,-21.2422,7.85742
2860,27.2634,-19.3896,7.87385
2880,27.1664,-19.2734,7.89305
2900,28.1655,-20.2766,7.88892
2920,26.3376,-18.4608,7.87682
2940,28.4504,-20.5772,7.87319
2960,27.2381,-19.3688,7.86926
2980,27.7027,-19.8125,7.89013
3000,27.2249,-19.2678,7.95706
3020,27.8871,-19.9454,7.94168
3040,28.5236,-20.6152,7.90833
3060,29.289,-21.3825,7.90651
3080,27.3291,-19.3888,7.94031
3100,31.7208,-23.8807,7.84016
3120,33.3564,-25.5614,7.79498
3140,32.0689,-24.2749,7.794
3160,34.0717,-26.3116,7.76009
3180,36.652,-28.8454,7.80659
3200,34.4945,-26.677,7.81755
3220,34.3609,-26.567,7.79388
3240,35.0107,-27.2362,7.77451
3260,33.9824,-26.2058,7.77664
3280,31.9728,-24.1782,7.79463
3300,32.6627,-24.7716,7.89109
3320,32.1148,-24.2914,7.82345
3340,29.193,-21.3355,7.85744
3360,30.8761,-22.952,7.92401
3380,29.5347,-21.6144,7.92033
3400,29.8504,-21.991,7.85944
3420,32.9329,-25.1236,7.80928
3440,31.4415,-23.6655,7.77598
3460,30.6406,-22.8629,7.77771
3480,35.797,-28.0752,7.7218
3500,35.509,-27.7789,7.73006
3520,35.1263,-27.3518,7.77458
3540,34.2343,-26.506,7.72825
3560,31.3868,-23.5783,7.80858
3580,30.765,-22.8953,7.86966
3600,31.8741,-23.9193,7.95472
3620,30.3442,-22.4214,7.92281
3640,30.5352,-22.5628,7.97236
3660,30.6711,-22.6812,7.98991
3680,30.9598,-22.9681,7.99168
3700,30.4544,-22.4965,7.95793
3720,31.4971,-23.5459,7.95116
3740,32.4607,-24.4898,7.97086
3760,33.2844,-25.3923,7.89208
3780,33.1139,-25.2218,7.89202
3800,33.2106,-25.3559,7.85477
3820,33.6146,-25.7904,7.8242
3840,30.4519,-22.5671,7.88481
3860,35.6489,-27.7641,7.88475
3880,33.542,-25.717,7.82492
3900,30.8436,-22.9666,7.87702
3920,32.7767,-24.915,7.86174
3940,34.9781,-27.1338,7.84435
3960,32.032,-24.2376,7.79435
3980,33.2538,-25.4594,7.79445
